Trip #,Date,Day,Pickup Time,Duration(Minutes),Distance(Miles),Total,$/Minute,$/Mile
1,5/7/2019,Tuesday,1612,8,3.21,3.42,0.4275,1.065420561
2,5/7/2019,Tuesday,1723,15,6.09,6.29,0.419333333,1.032840722
3,5/7/2019,Tuesday,1759,33,14.52,13.95,0.422727273,0.960743802
4,5/7/2019,Tuesday,1849,8,2.24,3.00,0.375,1.339285714
5,5/7/2019,Tuesday,1906,18,11.29,14.98,0.832222222,1.32683791
6,5/8/2019,Wednesday,0605,28,24.87,27.42,0.979285714,1.102533172
7,5/8/2019,Wednesday,0701,13,8.8,8.66,0.666153846,0.984090909
8,5/8/2019,Wednesday,0735,18,12.19,10.25,0.569444444,0.840853158
9,5/8/2019,Wednesday,0938,7,2.34,6.50,0.928571429,2.777777778
10,5/8/2019,Wednesday,1115,11,9.27,9.49,0.862727273,1.02373247
11,5/8/2019,Wednesday,1428,9,5.51,4.94,0.548888889,0.896551724
12,5/8/2019,Wednesday,1441,5,1.22,6.56,1.312,5.37704918
13,5/8/2019,Wednesday,1835,1,0.69,5.01,5.01,7.260869565
14,5/8/2019,Wednesday,1845,7,2.97,3.26,0.465714286,1.097643098
15,5/9/2019,Thursday,0335,22,19.82,15.52,0.705454545,0.783047427
16,5/9/2019,Thursday,0405,15,11.54,13.40,0.893333333,1.16117851
17,5/9/2019,Thursday,0510,17,16.34,12.52,0.736470588,0.76621787
18,5/9/2019,Thursday,0539,9,4.24,4.22,0.468888889,0.995283019
19,5/9/2019,Thursday,0636,8,3.71,4.11,0.51375,1.107816712
20,5/9/2019,Thursday,0731,18,3.87,12.33,0.685,3.186046512
21,5/9/2019,Thursday,0750,12,6.15,10.88,0.906666667,1.769105691
22,5/9/2019,Thursday,1314,30,29.66,22.30,0.743333333,0.751854349
23,5/9/2019,Thursday,1457,23,4.51,6.48,0.28173913,1.436807095
24,5/9/2019,Thursday,1546,11,4.35,4.62,0.42,1.062068966
25,5/10/2019,Friday,0415,9,4.07,4.09,0.454444444,1.004914005
26,5/10/2019,Friday,0420,11,8.87,8.54,0.776363636,0.962795941
27,5/10/2019,Friday,0528,16,11.46,11.59,0.724375,1.011343805
28,5/10/2019,Friday,0603,13,11.55,12.16,0.935384615,1.052813853
29,5/10/2019,Friday,0633,9,6.76,5.75,0.638888889,0.850591716
30,5/10/2019,Friday,0643,17,16.16,12.38,0.728235294,0.766089109
31,5/10/2019,Friday,0723,8,2.48,3.21,0.40125,1.294354839
32,5/10/2019,Friday,0738,16,7.31,7.05,0.440625,0.964432285
33,5/10/2019,Friday,0808,17,13.88,11.09,0.652352941,0.798991354
34,5/10/2019,Friday,1453,24,12.33,11.22,0.4675,0.909975669
35,5/10/2019,Friday,1523,5,1.23,4.00,0.8,3.25203252
36,5/10/2019,Friday,1533,34,17.9,15.99,0.470294118,0.893296089
37,5/10/2019,Friday,1632,5,1.5,3.01,0.602,2.006666667
38,5/10/2019,Friday,1959,9,4.44,6.38,0.708888889,1.436936937
39,5/10/2019,Friday,2019,16,9.4,11.38,0.71125,1.210638298
40,5/10/2019,Friday,2048,6,1.93,3.01,0.501666667,1.559585492
41,5/10/2019,Friday,2109,14,4.41,10.59,0.756428571,2.401360544
42,5/10/2019,Friday,2144,13,4.64,5.32,0.409230769,1.146551724
43,5/11/2019,Saturday,0344,9,3.99,10.69,1.187777778,2.679197995
44,5/11/2019,Saturday,0602,23,20.64,15.99,0.695217391,0.774709302
45,5/11/2019,Saturday,0637,10,9.72,7.64,0.764,0.78600823
46,5/11/2019,Saturday,0703,14,4.67,6.31,0.450714286,1.35117773
47,5/11/2019,Saturday,0729,28,21.9,22.84,0.815714286,1.042922374
48,5/11/2019,Saturday,0816,9,4.92,10.50,1.166666667,2.134146341
49,5/11/2019,Saturday,0924,5,3.21,10.26,2.052,3.196261682
50,5/11/2019,Saturday,0943,11,7.38,6.91,0.628181818,0.936314363
51,5/11/2019,Saturday,1007,7,3.57,5.26,0.751428571,1.473389356
52,5/11/2019,Saturday,1034,8,4.73,5.25,0.65625,1.109936575
53,5/11/2019,Saturday,1112,14,10.38,8.57,0.612142857,0.825626204
54,5/11/2019,Saturday,1143,9,4.85,5.26,0.584444444,1.084536082
55,5/11/2019,Saturday,1201,9,6.47,6.57,0.73,1.015455951
56,5/11/2019,Saturday,1216,7,3.79,5.25,0.75,1.385224274
57,5/11/2019,Saturday,1931,11,4.6,4.74,0.430909091,1.030434783
58,5/11/2019,Saturday,1945,6,1.79,3.01,0.501666667,1.681564246
59,5/11/2019,Saturday,1957,10,5.96,5.47,0.547,0.917785235
60,5/11/2019,Saturday,2019,17,12.7,10.37,0.61,0.816535433
61,5/11/2019,Saturday,2055,8,2.81,4.32,0.54,1.537366548
62,5/11/2019,Saturday,2114,4,2.25,3.01,0.7525,1.337777778
63,5/11/2019,Saturday,2133,26,16.84,20.74,0.797692308,1.231591449
64,5/11/2019,Saturday,2223,23,10.31,9.88,0.429565217,0.958292919
65,5/12/2019,Sunday,0337,19,17.26,13.47,0.708947368,0.780417149
66,5/12/2019,Sunday,0408,13,6.3,5.99,0.460769231,0.950793651
67,5/12/2019,Sunday,0440,11,4.77,8.64,0.785454545,1.811320755
68,5/12/2019,Sunday,0505,25,25.2,18.93,0.7572,0.751190476
69,5/12/2019,Sunday,0544,19,11.22,15.31,0.805789474,1.364527629
70,5/12/2019,Sunday,0622,7,3.42,3.53,0.504285714,1.032163743
71,5/12/2019,Sunday,0644,19,2.85,4.94,0.26,1.733333333
72,5/12/2019,Sunday,0715,16,16.98,19.07,1.191875,1.123085984
73,5/13/2019,Monday,0320,39,33.08,46.55,1.193589744,1.40719468
74,5/13/2019,Monday,0415,17,9.62,12.10,0.711764706,1.257796258
75,5/13/2019,Monday,0516,12,6.93,8.32,0.693333333,1.200577201
76,5/13/2019,Monday,0605,31,19.85,21.84,0.704516129,1.100251889
77,5/13/2019,Monday,0707,4,1.4,3.00,0.75,2.142857143
78,5/13/2019,Monday,0716,11,5.12,5.11,0.464545455,0.998046875
79,5/13/2019,Monday,0734,10,4.49,4.58,0.458,1.020044543
80,5/13/2019,Monday,0747,32,26.31,20.62,0.644375,0.783732421
81,5/13/2019,Monday,0854,14,4.95,7.38,0.527142857,1.490909091
82,5/13/2019,Monday,2153,17,14.18,12.29,0.722941176,0.866713681
83,5/13/2019,Monday,2217,3,0.69,3.01,1.003333333,4.362318841
84,5/14/2019,Tuesday,0327,16,12.55,10.17,0.635625,0.810358566
85,5/14/2019,Tuesday,0346,10,6.9,8.94,0.894,1.295652174
86,5/14/2019,Tuesday,0501,20,20.64,20.73,1.0365,1.004360465
87,5/14/2019,Tuesday,0530,13,7.45,7.22,0.555384615,0.969127517
88,5/14/2019,Tuesday,0637,10,5.04,4.89,0.489,0.970238095
89,5/14/2019,Tuesday,0702,22,22.94,17.10,0.777272727,0.745422842
90,5/14/2019,Tuesday,0811,9,4.83,4.80,0.533333333,0.99378882
91,5/14/2019,Tuesday,0837,7,2.59,6.01,0.858571429,2.32046332
92,5/14/2019,Tuesday,0909,16,8.01,7.51,0.469375,0.937578027
93,5/14/2019,Tuesday,1014,21,13.92,14.68,0.699047619,1.054597701
94,5/14/2019,Tuesday,1040,6,4.04,3.74,0.623333333,0.925742574
95,5/14/2019,Tuesday,1121,14,11.7,9.43,0.673571429,0.805982906
96,5/14/2019,Tuesday,1154,5,2.28,3.01,0.602,1.320175439
97,5/14/2019,Tuesday,1224,13,10.71,8.65,0.665384615,0.807656396
98,5/14/2019,Tuesday,1325,22,10.67,9.90,0.45,0.927835052
99,5/14/2019,Tuesday,1354,22,11.44,15.55,0.706818182,1.359265734
100,5/14/2019,Tuesday,2047,19,13.82,14.38,0.756842105,1.040520984
101,5/14/2019,Tuesday,2115,5,0.76,3.02,0.604,3.973684211
102,5/14/2019,Tuesday,2124,31,32.45,24.00,0.774193548,0.739599384
103,5/15/2019,Wednesday,0323,11,6.88,6.11,0.555454545,0.888081395
104,5/15/2019,Wednesday,0351,18,15.12,12.26,0.681111111,0.810846561
105,5/15/2019,Wednesday,0422,10,7.21,6.07,0.607,0.841886269
106,5/15/2019,Wednesday,0432,3,0.75,3.01,1.003333333,4.013333333
107,5/15/2019,Wednesday,0513,16,6.64,6.73,0.420625,1.013554217
108,5/15/2019,Wednesday,0548,9,3.59,4.43,0.492222222,1.233983287
109,5/15/2019,Wednesday,0811,18,4.63,5.87,0.326111111,1.267818575
110,5/15/2019,Wednesday,0836,4,0.41,7.50,1.875,18.29268293
111,5/15/2019,Wednesday,0846,8,2.09,3.00,0.375,1.435406699
112,5/15/2019,Wednesday,1134,17,12.05,10.24,0.602352941,0.849792531
113,5/15/2019,Wednesday,1209,9,1.83,5.01,0.556666667,2.737704918
114,5/15/2019,Wednesday,1224,8,2.05,3.35,0.41875,1.634146341
115,5/15/2019,Wednesday,1246,10,3.64,5.02,0.502,1.379120879
116,5/15/2019,Wednesday,1327,22,15.71,13.68,0.621818182,0.870782941
117,5/15/2019,Wednesday,1426,21,12.04,10.57,0.503333333,0.877906977
118,5/15/2019,Wednesday,1501,24,21.63,16.68,0.695,0.771151179
119,5/15/2019,Wednesday,1535,48,31.84,31.97,0.666041667,1.004082915
120,5/16/2019,Thursday,0325,17,10.34,21.37,1.257058824,2.066731141
121,5/16/2019,Thursday,0439,12,3.34,4.14,0.345,1.239520958
122,5/16/2019,Thursday,0454,14,8.08,7.22,0.515714286,0.893564356
123,5/16/2019,Thursday,0533,12,9.1,7.49,0.624166667,0.823076923
124,5/16/2019,Thursday,0535,23,21.43,16.63,0.723043478,0.776014932
125,5/16/2019,Thursday,0625,16,9.36,12.24,0.765,1.307692308
126,5/16/2019,Thursday,0718,21,8.06,8.22,0.391428571,1.019851117
127,5/16/2019,Thursday,0747,16,6.98,6.87,0.429375,0.984240688
128,5/16/2019,Thursday,0817,8,2.09,3.00,0.375,1.435406699
129,5/16/2019,Thursday,0833,18,3.81,6.85,0.380555556,1.797900262
130,5/16/2019,Thursday,0906,15,11.3,9.34,0.622666667,0.826548673
131,5/16/2019,Thursday,0934,19,12.65,13.69,0.720526316,1.082213439
132,5/16/2019,Thursday,0958,11,3.01,3.80,0.345454545,1.262458472
133,5/16/2019,Thursday,1936,16,11.59,10.66,0.66625,0.919758412
134,5/16/2019,Thursday,2006,10,2.22,3.23,0.323,1.454954955
135,5/16/2019,Thursday,2026,9,1.62,8.01,0.89,4.944444444
136,5/16/2019,Thursday,2039,5,1.48,3.33,0.666,2.25
137,5/16/2019,Thursday,2054,3,0.73,3.01,1.003333333,4.123287671
138,5/17/2019,Friday,0048,22,17.91,14.34,0.651818182,0.800670017
139,5/17/2019,Friday,0113,7,3.63,3.58,0.511428571,0.986225895
140,5/17/2019,Friday,0154,13,7.08,13.96,1.073846154,1.971751412
141,5/17/2019,Friday,0222,18,8.31,10.97,0.609444444,1.32009627
142,5/17/2019,Friday,0309,12,10.57,8.41,0.700833333,0.795648061
143,5/17/2019,Friday,0323,5,2.96,3.57,0.714,1.206081081
144,5/17/2019,Friday,0355,9,4.08,9.21,1.023333333,2.257352941
145,5/17/2019,Friday,0400,16,13.12,18.20,1.1375,1.387195122
146,5/17/2019,Friday,0505,22,21.26,21.49,0.976818182,1.010818438
147,5/17/2019,Friday,0535,17,12.01,14.75,0.867647059,1.228143214
149,5/17/2019,Friday,0657,8,4.53,6.20,0.775,1.368653422
150,5/17/2019,Friday,0708,20,14,11.64,0.582,0.831428571
151,5/17/2019,Friday,0737,5,1.28,4.00,0.8,3.125
152,5/17/2019,Friday,0745,22,18.94,22.04,1.001818182,1.163674762
153,5/17/2019,Friday,0842,25,17.6,17.81,0.7124,1.011931818
154,5/17/2019,Friday,1206,8,1.82,4.01,0.50125,2.203296703
155,5/17/2019,Friday,1225,23,17.67,14.15,0.615217391,0.800792303
156,5/17/2019,Friday,1929,13,7.53,9.83,0.756153846,1.305444887
157,5/17/2019,Friday,1953,5,2.23,4.01,0.802,1.798206278
158,5/17/2019,Friday,2004,9,3.77,4.13,0.458888889,1.095490716
159,5/17/2019,Friday,2020,15,7.44,10.05,0.67,1.350806452
160,5/17/2019,Friday,2049,8,2.59,6.11,0.76375,2.359073359
161,5/17/2019,Friday,2106,3,0.99,3.00,1,3.03030303
162,5/17/2019,Friday,2122,8,2.68,3.14,0.3925,1.171641791
163,5/17/2019,Friday,2142,21,14.81,15.72,0.748571429,1.06144497
164,5/17/2019,Friday,2232,12,7.43,12.56,1.046666667,1.690444145
165,5/17/2019,Friday,2258,47,38.99,30.28,0.644255319,0.776609387
166,5/18/2019,Saturday,0009,15,8.36,9.53,0.635333333,1.139952153
167,5/18/2019,Saturday,0041,15,10.9,9.57,0.638,0.877981651
168,5/18/2019,Saturday,0110,7,2.6,6.80,0.971428571,2.615384615
169,5/18/2019,Saturday,0111,6,2.36,12.53,2.088333333,5.309322034
170,5/18/2019,Saturday,0138,3,0.47,15.01,5.003333333,31.93617021
171,5/18/2019,Saturday,0153,6,2.27,7.76,1.293333333,3.418502203
172,5/18/2019,Saturday,0214,14,7.28,10.78,0.77,1.480769231
173,5/18/2019,Saturday,0245,3,0.86,6.00,2,6.976744186
174,5/18/2019,Saturday,0251,7,2.2,13.01,1.858571429,5.913636364
175,5/18/2019,Saturday,0304,16,12.57,13.75,0.859375,1.093874304
176,5/18/2019,Saturday,0342,7,2.62,3.05,0.435714286,1.164122137
177,5/18/2019,Saturday,0416,10,3.81,4.12,0.412,1.081364829
178,5/18/2019,Saturday,0456,3,1.05,6.01,2.003333333,5.723809524
179,5/18/2019,Saturday,0527,14,9.29,9.19,0.656428571,0.989235737
180,5/18/2019,Saturday,0554,19,13.35,11.11,0.584736842,0.832209738
181,5/18/2019,Saturday,1835,8,3.69,3.78,0.4725,1.024390244
182,5/18/2019,Saturday,1856,7,3.64,3.63,0.518571429,0.997252747
183,5/18/2019,Saturday,1927,20,9.41,8.89,0.4445,0.944739639
184,5/18/2019,Saturday,2004,24,11.98,11.02,0.459166667,0.919866444
185,5/18/2019,Saturday,2022,16,12.39,10.01,0.625625,0.807909605
186,5/18/2019,Saturday,2117,18,9.52,11.72,0.651111111,1.231092437
187,5/18/2019,Saturday,2150,13,4.67,5.04,0.387692308,1.079229122
188,5/18/2019,Saturday,2208,7,1.62,3.08,0.44,1.901234568
189,5/18/2019,Saturday,2223,7,1.31,3.22,0.46,2.458015267
190,5/18/2019,Saturday,2236,2,0.5,3.36,1.68,6.72
191,5/18/2019,Saturday,2250,19,9.06,8.59,0.452105263,0.94812362
192,5/18/2019,Saturday,2331,9,2.73,3.71,0.412222222,1.358974359
193,5/19/2019,Sunday,0320,18,17.71,16.41,0.911666667,0.926595144
194,5/19/2019,Sunday,0402,8,1.27,4.01,0.50125,3.157480315
195,5/19/2019,Sunday,0421,8,3.75,3.80,0.475,1.013333333
196,5/19/2019,Sunday,0435,17,8.93,10.64,0.625882353,1.191489362
197,5/19/2019,Sunday,0513,14,11.49,11.43,0.816428571,0.994778068
198,5/20/2019,Monday,0334,18,15.95,12.38,0.687777778,0.776175549
199,5/20/2019,Monday,0423,11,7.01,7.10,0.645454545,1.012838802
200,5/20/2019,Monday,0435,15,13.18,10.41,0.694,0.78983308
201,5/20/2019,Monday,0547,30,29.12,27.40,0.913333333,0.940934066
202,5/20/2019,Monday,0636,10,4.84,6.73,0.673,1.390495868
203,5/20/2019,Monday,0715,7,2.36,3.01,0.43,1.275423729
204,5/20/2019,Monday,0735,13,5.24,5.45,0.419230769,1.040076336
205,5/20/2019,Monday,0808,15,7.51,12.11,0.807333333,1.612516644
206,5/20/2019,Monday,0837,13,10.52,8.51,0.654615385,0.808935361
207,5/20/2019,Monday,1229,7,2.63,3.01,0.43,1.144486692
208,5/20/2019,Monday,1250,19,9.37,8.67,0.456315789,0.92529349
209,5/20/2019,Monday,1315,12,7.43,6.61,0.550833333,0.889636608
210,5/20/2019,Monday,1333,6,1.15,3.01,0.501666667,2.617391304
211,5/20/2019,Monday,1410,43,38.91,38.85,0.903488372,0.99845798
212,5/20/2019,Monday,1509,4,1.25,3.02,0.755,2.416
213,5/21/2019,Tuesday,0354,10,5.16,4.88,0.488,0.945736434
214,5/21/2019,Tuesday,0454,20,18.93,14.53,0.7265,0.767564712
215,5/21/2019,Tuesday,0610,11,6.28,5.74,0.521818182,0.914012739
216,5/21/2019,Tuesday,0643,5,2.6,3.01,0.602,1.157692308
217,5/21/2019,Tuesday,0711,11,5.62,5.39,0.49,0.959074733
218,5/21/2019,Tuesday,0733,25,22.88,17.54,0.7016,0.766608392
219,5/21/2019,Tuesday,0910,20,13.97,17.96,0.898,1.285612026
220,5/21/2019,Tuesday,1022,19,8.01,8.01,0.421578947,1
221,5/21/2019,Tuesday,1125,9,5.88,5.24,0.582222222,0.891156463
222,5/21/2019,Tuesday,1139,11,7.47,6.41,0.582727273,0.858099063
223,5/21/2019,Tuesday,1157,12,6.82,9.15,0.7625,1.341642229
224,5/21/2019,Tuesday,1242,8,2.51,3.13,0.39125,1.247011952
225,5/21/2019,Tuesday,1244,5,1.3,3.01,0.602,2.315384615
226,5/21/2019,Tuesday,1316,7,1.25,3.01,0.43,2.408
227,5/21/2019,Tuesday,1327,13,7.33,9.61,0.739230769,1.311050477
228,5/21/2019,Tuesday,1343,32,22.15,23.57,0.7365625,1.064108352
229,5/21/2019,Tuesday,1423,3,0.7,3.39,1.13,4.842857143
230,5/21/2019,Tuesday,1438,40,30.22,29.06,0.7265,0.961614825
231,5/21/2019,Tuesday,1603,5,1.47,3.00,0.6,2.040816327
232,5/21/2019,Tuesday,1611,19,6.44,7.01,0.368947368,1.088509317
233,5/21/2019,Tuesday,1636,42,13.23,19.72,0.46952381,1.490551776
234,5/22/2019,Wednesday,0438,21,19.61,15.27,0.727142857,0.778684345
235,5/22/2019,Wednesday,0530,12,5.23,6.22,0.518333333,1.189292543
236,5/22/2019,Wednesday,0554,5,1.69,3.56,0.712,2.106508876
237,5/22/2019,Wednesday,0610,8,2.89,5.28,0.66,1.826989619
238,5/22/2019,Wednesday,0629,17,9.09,8.43,0.495882353,0.927392739
239,5/22/2019,Wednesday,0702,4,1.3,4.01,1.0025,3.084615385
240,5/22/2019,Wednesday,0713,13,7.39,7.01,0.539230769,0.948579161
241,5/22/2019,Wednesday,0738,20,14.39,12.12,0.606,0.842251564
242,5/22/2019,Wednesday,0824,39,24.09,20.43,0.523846154,0.848069738
243,5/22/2019,Wednesday,0913,14,7.93,10.14,0.724285714,1.278688525
244,5/22/2019,Wednesday,1009,21,9.52,12.11,0.576666667,1.272058824
245,5/22/2019,Wednesday,1052,2,0.51,3.05,1.525,5.980392157
246,5/22/2019,Wednesday,1152,6,1.63,5.00,0.833333333,3.067484663
247,5/22/2019,Wednesday,1210,8,3.11,3.50,0.4375,1.125401929
248,5/22/2019,Wednesday,1338,18,6.93,7.20,0.4,1.038961039
249,5/22/2019,Wednesday,1402,24,12.41,11.23,0.467916667,0.904915391
250,5/22/2019,Wednesday,1446,7,3.1,3.29,0.47,1.061290323
251,5/22/2019,Wednesday,1514,12,4.36,4.69,0.390833333,1.075688073
252,5/22/2019,Wednesday,1535,17,7.18,7.11,0.418235294,0.990250696
253,5/22/2019,Wednesday,1600,12,4.14,5.65,0.470833333,1.3647343
254,5/22/2019,Wednesday,1626,5,1.42,3.00,0.6,2.112676056
255,5/22/2019,Wednesday,1643,9,3.46,4.80,0.533333333,1.387283237
256,5/22/2019,Wednesday,1716,23,12.57,11.15,0.484782609,0.887032617
257,5/22/2019,Wednesday,1755,24,6.99,9.27,0.38625,1.326180258
258,5/23/2019,Thursday,0321,22,21.67,22.81,1.036818182,1.052607291
259,5/23/2019,Thursday,0357,14,11.42,14.11,1.007857143,1.235551664
260,5/23/2019,Thursday,0513,13,9.97,11.18,0.86,1.121364092
261,5/23/2019,Thursday,0533,19,15,17.18,0.904210526,1.145333333
262,5/23/2019,Thursday,0628,10,6.47,5.67,0.567,0.876352396
263,5/23/2019,Thursday,0656,23,18.72,20.99,0.912608696,1.121260684
264,5/23/2019,Thursday,0722,4,1.41,3.02,0.755,2.141843972
265,5/23/2019,Thursday,0738,11,5.39,5.16,0.469090909,0.957328386
266,5/23/2019,Thursday,0824,7,1.39,3.01,0.43,2.165467626
267,5/23/2019,Thursday,0844,55,57.73,43.17,0.784909091,0.747791443
268,5/23/2019,Thursday,1046,55,57.51,42.69,0.776181818,0.742305686
269,5/23/2019,Thursday,1151,11,6.73,5.95,0.540909091,0.88410104
270,5/23/2019,Thursday,1225,14,7.18,11.22,0.801428571,1.562674095
271,5/23/2019,Thursday,1313,13,7.3,8.57,0.659230769,1.173972603
272,5/23/2019,Thursday,1331,13,4.4,9.94,0.764615385,2.259090909
273,5/23/2019,Thursday,1346,14,7.57,11.89,0.849285714,1.570673712
274,5/23/2019,Thursday,1414,13,6.1,6.07,0.466923077,0.995081967
275,5/23/2019,Thursday,1435,7,1.83,3.01,0.43,1.644808743
276,5/23/2019,Thursday,1444,15,4.72,5.43,0.362,1.150423729
277,5/23/2019,Thursday,1457,16,7.64,12.32,0.77,1.612565445
278,5/23/2019,Thursday,1530,22,7.42,8.00,0.363636364,1.078167116
279,5/23/2019,Thursday,1535,25,10.65,13.82,0.5528,1.297652582
280,5/23/2019,Thursday,1627,13,7.36,7.54,0.58,1.024456522
281,5/23/2019,Thursday,1654,10,2.87,6.55,0.655,2.282229965
282,5/24/2019,Friday,0021,5,2.64,3.01,0.602,1.140151515
283,5/24/2019,Friday,0104,10,4.2,4.35,0.435,1.035714286
284,5/24/2019,Friday,0114,21,11.58,10.30,0.49047619,0.889464594
285,5/24/2019,Friday,0142,9,3.57,3.83,0.425555556,1.072829132
286,5/24/2019,Friday,0209,8,4.19,4.01,0.50125,0.957040573
287,5/24/2019,Friday,0222,7,3.54,3.54,0.505714286,1
288,5/24/2019,Friday,0248,7,3.92,3.83,0.547142857,0.977040816
289,5/24/2019,Friday,0320,26,22.45,17.65,0.678846154,0.786191537
290,5/24/2019,Friday,0428,13,7.77,6.86,0.527692308,0.882882883
291,5/24/2019,Friday,0518,4,2.84,3.16,0.79,1.112676056
292,5/24/2019,Friday,0541,7,4.31,7.01,1.001428571,1.626450116
293,5/24/2019,Friday,0608,10,5.07,4.94,0.494,0.974358974
294,5/24/2019,Friday,0632,19,19.6,14.84,0.781052632,0.757142857
295,5/24/2019,Friday,0720,17,9.88,9.75,0.573529412,0.986842105
296,5/24/2019,Friday,0741,13,10.59,10.97,0.843846154,1.035882908
297,5/24/2019,Friday,0821,5,1.87,3.01,0.602,1.609625668
298,5/24/2019,Friday,0836,14,10.59,11.69,0.835,1.103871577
299,5/24/2019,Friday,0900,12,7.22,6.43,0.535833333,0.890581717
300,5/24/2019,Friday,1840,7,1.12,3.00,0.428571429,2.678571429
301,5/24/2019,Friday,1854,17,10.49,17.03,1.001764706,1.623450906
302,5/24/2019,Friday,1955,5,1.46,3.06,0.612,2.095890411
303,5/24/2019,Friday,2038,13,3.43,4.41,0.339230769,1.285714286
304,5/24/2019,Friday,2057,8,2.71,3.20,0.4,1.180811808
305,5/24/2019,Friday,2109,4,0.88,8.01,2.0025,9.102272727
306,5/24/2019,Friday,2152,37,32.83,27.86,0.752972973,0.848614072
307,5/24/2019,Friday,2242,8,4.25,7.00,0.875,1.647058824
308,5/24/2019,Friday,2343,33,19.92,17.70,0.536363636,0.888554217
309,5/25/2019,Saturday,0033,13,8.34,10.47,0.805384615,1.255395683
310,5/25/2019,Saturday,0058,5,2.01,3.01,0.602,1.497512438
311,5/25/2019,Saturday,0121,12,11.29,8.89,0.740833333,0.787422498
312,5/25/2019,Saturday,0420,18,12.79,10.56,0.586666667,0.825645035
313,5/25/2019,Saturday,2006,8,3.38,3.60,0.45,1.065088757
314,5/25/2019,Saturday,2016,4,1.02,3.01,0.7525,2.950980392
315,5/25/2019,Saturday,2025,2,0.57,3.00,1.5,5.263157895
316,5/25/2019,Saturday,2038,16,4.35,5.42,0.33875,1.245977011
317,5/25/2019,Saturday,2059,25,23.46,17.87,0.7148,0.76172208
318,5/25/2019,Saturday,2132,18,12.3,10.34,0.574444444,0.840650407
319,5/25/2019,Saturday,2153,12,2.63,3.86,0.321666667,1.467680608
320,5/25/2019,Saturday,2216,7,1.77,3.01,0.43,1.700564972
321,5/25/2019,Saturday,2226,5,1.49,6.01,1.202,4.033557047
322,5/25/2019,Saturday,2252,7,2.12,3.00,0.428571429,1.41509434
323,5/25/2019,Saturday,2309,5,1.55,3.03,0.606,1.95483871
324,5/25/2019,Saturday,2323,49,31.84,33.72,0.688163265,1.059045226
325,5/26/2019,Sunday,0010,15,7.82,7.53,0.502,0.962915601
326,5/26/2019,Sunday,0011,10,7.07,6.10,0.61,0.862800566
327,5/26/2019,Sunday,0055,13,9.17,7.71,0.593076923,0.840785169
328,5/26/2019,Sunday,0118,9,4.32,4.32,0.48,1
329,5/26/2019,Sunday,0139,6,1.84,3.00,0.5,1.630434783
330,5/26/2019,Sunday,0148,6,2.16,3.01,0.501666667,1.393518519
331,5/26/2019,Sunday,0220,11,7.68,6.62,0.601818182,0.861979167
332,5/26/2019,Sunday,0256,5,1.66,3.01,0.602,1.813253012
333,5/26/2019,Sunday,0309,25,20.77,16.26,0.6504,0.782859894
334,5/26/2019,Sunday,0353,13,7.43,6.75,0.519230769,0.908479139
335,5/26/2019,Sunday,0448,8,3.93,9.38,1.1725,2.386768448
336,5/26/2019,Sunday,0537,12,7.75,15.43,1.285833333,1.990967742
337,5/26/2019,Sunday,0610,6,2.78,6.01,1.001666667,2.161870504
338,5/26/2019,Sunday,0624,8,3.08,4.57,0.57125,1.483766234
339,5/26/2019,Sunday,2022,9,3.91,9.12,1.013333333,2.332480818
340,5/26/2019,Sunday,2042,24,16,13.38,0.5575,0.83625
341,5/26/2019,Sunday,2147,11,7.16,7.25,0.659090909,1.012569832
342,5/26/2019,Sunday,2217,13,10.32,13.42,1.032307692,1.300387597
343,5/26/2019,Sunday,2300,9,5.66,5.04,0.56,0.890459364
344,5/26/2019,Sunday,2321,8,4.12,8.75,1.09375,2.123786408
345,5/27/2019,Monday,0312,7,4.06,11.14,1.591428571,2.743842365
346,5/27/2019,Monday,0335,15,12.82,13.64,0.909333333,1.063962559
347,5/27/2019,Monday,0410,16,9.08,9.18,0.57375,1.011013216
348,5/27/2019,Monday,0504,10,5.98,5.45,0.545,0.911371237
349,5/27/2019,Monday,0550,15,7.91,11.73,0.782,1.482932996
350,5/27/2019,Monday,0631,15,8.49,10.74,0.716,1.265017668
351,5/27/2019,Monday,0850,7,3.6,3.51,0.501428571,0.975
352,5/27/2019,Monday,1708,11,3.84,4.62,0.42,1.203125
353,5/27/2019,Monday,1749,4,1.26,6.01,1.5025,4.76984127
354,5/27/2019,Monday,1808,5,2.56,3.01,0.602,1.17578125
355,5/27/2019,Monday,1850,11,4.63,6.04,0.549090909,1.304535637
356,5/27/2019,Monday,1914,5,2.7,6.00,1.2,2.222222222
357,5/27/2019,Monday,1927,12,6.71,7.07,0.589166667,1.053651267
358,5/27/2019,Monday,1955,8,2.71,3.15,0.39375,1.162361624
359,5/27/2019,Monday,2021,16,16,14.19,0.886875,0.886875
360,5/28/2019,Tuesday,0355,9,5.12,5.45,0.605555556,1.064453125
361,5/28/2019,Tuesday,0434,5,2.22,3.00,0.6,1.351351351
362,5/28/2019,Tuesday,0455,10,6.92,6.47,0.647,0.934971098
363,5/28/2019,Tuesday,0548,30,21.89,18.59,0.619666667,0.849246231
364,5/28/2019,Tuesday,0657,9,5.04,4.69,0.521111111,0.930555556
365,5/28/2019,Tuesday,0715,47,26.21,26.03,0.553829787,0.993132392
366,5/28/2019,Tuesday,0817,13,5.07,5.39,0.414615385,1.063116371
367,5/28/2019,Tuesday,0837,12,4.31,5.80,0.483333333,1.345707657
368,5/28/2019,Tuesday,0858,15,8.11,7.42,0.494666667,0.914919852
369,5/28/2019,Tuesday,0922,9,5.14,9.70,1.077777778,1.887159533
370,5/28/2019,Tuesday,0930,4,0.89,6.14,1.535,6.898876404
371,5/28/2019,Tuesday,1009,9,2.19,3.01,0.334444444,1.374429224
372,5/28/2019,Tuesday,1116,10,4.88,12.03,1.203,2.465163934
373,5/28/2019,Tuesday,1130,7,3.12,3.32,0.474285714,1.064102564
374,5/28/2019,Tuesday,1147,13,8.01,10.03,0.771538462,1.252184769
375,5/28/2019,Tuesday,1215,16,7.36,7.10,0.44375,0.964673913
376,5/28/2019,Tuesday,1235,6,1.14,4.00,0.666666667,3.50877193
377,5/28/2019,Tuesday,2036,26,20.69,21.37,0.821923077,1.032866119
378,5/28/2019,Tuesday,2114,12,7.15,9.37,0.780833333,1.31048951
379,5/28/2019,Tuesday,2135,17,5.94,6.49,0.381764706,1.092592593
380,5/29/2019,Wednesday,0323,7,3.81,3.72,0.531428571,0.976377953
381,5/29/2019,Wednesday,0335,28,24.94,24.06,0.859285714,0.964715317
382,5/29/2019,Wednesday,0405,12,7.28,6.47,0.539166667,0.888736264
383,5/29/2019,Wednesday,0456,4,1.54,4.00,1,2.597402597
384,5/29/2019,Wednesday,0509,12,6.89,8.28,0.69,1.201741655
385,5/29/2019,Wednesday,0543,6,2.53,3.28,0.546666667,1.296442688
386,5/29/2019,Wednesday,0613,10,7.56,7.40,0.74,0.978835979
387,5/29/2019,Wednesday,0740,10,6.7,9.88,0.988,1.474626866
388,5/29/2019,Wednesday,0814,7,1.44,4.50,0.642857143,3.125
389,5/29/2019,Wednesday,0829,17,11.97,9.93,0.584117647,0.829573935
390,5/29/2019,Wednesday,1034,27,23.65,24.30,0.9,1.027484144
391,5/29/2019,Wednesday,1135,6,2.86,3.00,0.5,1.048951049
392,5/29/2019,Wednesday,1530,33,10.98,12.74,0.386060606,1.160291439
393,5/29/2019,Wednesday,1607,24,10.44,15.15,0.63125,1.451149425
394,5/29/2019,Wednesday,1705,16,5.8,11.25,0.703125,1.939655172
395,5/29/2019,Wednesday,1838,14,4.98,8.43,0.602142857,1.692771084
396,5/29/2019,Wednesday,1958,35,20.58,22.65,0.647142857,1.10058309
397,5/30/2019,Thursday,0503,25,26.47,26.53,1.0612,1.002266717
398,5/30/2019,Thursday,0722,5,1.42,3.00,0.6,2.112676056
399,5/30/2019,Thursday,0731,11,2.88,6.76,0.614545455,2.347222222
400,5/30/2019,Thursday,0751,5,1.23,3.00,0.6,2.43902439
401,5/30/2019,Thursday,0757,12,3.4,6.96,0.58,2.047058824
402,5/30/2019,Thursday,0830,33,29.5,28.02,0.849090909,0.949830508
403,5/30/2019,Thursday,0902,23,17.47,17.04,0.740869565,0.975386377
404,5/30/2019,Thursday,0951,24,17.77,23.97,0.99875,1.348902645
405,5/30/2019,Thursday,1052,32,29.56,22.53,0.7040625,0.76217862
406,5/30/2019,Thursday,1141,13,10.4,13.49,1.037692308,1.297115385
407,5/30/2019,Thursday,1239,6,2.37,3.01,0.501666667,1.270042194
408,5/30/2019,Thursday,1301,18,5.24,6.22,0.345555556,1.187022901
409,5/30/2019,Thursday,1428,16,6.8,7.86,0.49125,1.155882353
410,5/30/2019,Thursday,1524,4,1.06,3.00,0.75,2.830188679
411,5/30/2019,Thursday,1525,17,17.35,15.38,0.904705882,0.886455331
412,5/30/2019,Thursday,1612,35,33.87,25.49,0.728285714,0.752583407
413,5/31/2019,Friday,0001,14,9.72,11.23,0.802142857,1.155349794
414,5/31/2019,Friday,0113,13,8.61,8.44,0.649230769,0.980255517
415,5/31/2019,Friday,0132,15,9.7,19.72,1.314666667,2.032989691
416,5/31/2019,Friday,0201,12,7.35,7.07,0.589166667,0.961904762
417,5/31/2019,Friday,0227,8,2.39,5.26,0.6575,2.20083682
418,5/31/2019,Friday,0242,19,10.4,9.40,0.494736842,0.903846154
419,5/31/2019,Friday,0319,7,3.11,3.31,0.472857143,1.064308682
420,5/31/2019,Friday,0322,8,4.13,4.06,0.5075,0.983050847
421,5/31/2019,Friday,0344,23,16.69,17.34,0.753913043,1.038945476
422,5/31/2019,Friday,0402,16,8.87,8.47,0.529375,0.954904171
423,5/31/2019,Friday,0438,17,4.27,8.39,0.493529412,1.964871194
424,5/31/2019,Friday,0507,11,7.21,6.37,0.579090909,0.883495146
425,5/31/2019,Friday,0553,8,3.87,3.92,0.49,1.012919897
426,5/31/2019,Friday,0608,16,14.13,15.41,0.963125,1.090587403
427,5/31/2019,Friday,0645,5,1.82,3.01,0.602,1.653846154
428,5/31/2019,Friday,0654,9,3.31,5.26,0.584444444,1.589123867
429,5/31/2019,Friday,0720,17,9.68,8.57,0.504117647,0.885330579
430,5/31/2019,Friday,0752,12,8.68,12.22,1.018333333,1.407834101
431,5/31/2019,Friday,0812,23,21.02,21.82,0.948695652,1.038058991
432,5/31/2019,Friday,0859,12,4.12,4.63,0.385833333,1.123786408
433,5/31/2019,Friday,1042,12,8.96,7.48,0.623333333,0.834821429
434,5/31/2019,Friday,1942,14,5.32,5.63,0.402142857,1.058270677
435,5/31/2019,Friday,2032,9,2.45,3.14,0.348888889,1.281632653
436,5/31/2019,Friday,2047,15,3.67,14.82,0.988,4.038147139
437,5/31/2019,Friday,2130,5,1.05,4.01,0.802,3.819047619
438,5/31/2019,Friday,2152,5,3.37,12.35,2.47,3.664688427
439,5/31/2019,Friday,2221,25,10.05,10.19,0.4076,1.013930348
440,5/31/2019,Friday,2302,3,1.19,3.00,1,2.521008403
441,6/1/2019,Saturday,0003,13,9.52,7.99,0.614615385,0.839285714
442,6/1/2019,Saturday,0026,11,6.57,5.97,0.542727273,0.908675799
443,6/1/2019,Saturday,0042,10,3.4,6.94,0.694,2.041176471
444,6/1/2019,Saturday,0056,7,2.31,3.01,0.43,1.303030303
445,6/1/2019,Saturday,0110,7,3.27,4.59,0.655714286,1.403669725
446,6/1/2019,Saturday,0126,16,10.54,9.61,0.600625,0.911764706
447,6/1/2019,Saturday,0159,4,1.72,3.01,0.7525,1.75
448,6/1/2019,Saturday,0214,25,10.96,13.58,0.5432,1.239051095
449,6/1/2019,Saturday,0253,4,1.21,3.01,0.7525,2.487603306
450,6/1/2019,Saturday,0317,2,0.7,6.01,3.005,8.585714286
451,6/1/2019,Saturday,0321,8,2.01,6.01,0.75125,2.990049751
452,6/1/2019,Saturday,0332,16,13.84,10.94,0.68375,0.790462428
453,6/1/2019,Saturday,0444,22,7.31,11.06,0.502727273,1.512995896
454,6/1/2019,Saturday,0522,15,9.02,7.92,0.528,0.87804878
455,6/1/2019,Saturday,0543,7,2.41,3.00,0.428571429,1.244813278
456,6/1/2019,Saturday,0556,19,10.39,9.36,0.492631579,0.900866218
457,6/1/2019,Saturday,0744,23,17.54,14.14,0.614782609,0.806157355
458,6/1/2019,Saturday,1957,6,3.42,8.37,1.395,2.447368421
459,6/1/2019,Saturday,2019,8,1.4,3.00,0.375,2.142857143
460,6/1/2019,Saturday,2036,20,11.37,10.33,0.5165,0.908531223
461,6/1/2019,Saturday,2110,6,2.14,3.00,0.5,1.401869159
462,6/1/2019,Saturday,2127,16,8.64,7.94,0.49625,0.918981481
463,6/1/2019,Saturday,2159,10,5.28,5.44,0.544,1.03030303
464,6/1/2019,Saturday,2213,14,6.59,9.34,0.667142857,1.417298938
465,6/1/2019,Saturday,2232,9,2.35,3.29,0.365555556,1.4
466,6/1/2019,Saturday,2252,4,0.52,5.20,1.3,10
467,6/1/2019,Saturday,2316,16,10.29,11.77,0.735625,1.14382896
468,6/2/2019,Sunday,0029,9,3.51,4.27,0.474444444,1.216524217
469,6/2/2019,Sunday,0103,21,16.4,13.22,0.62952381,0.806097561
470,6/2/2019,Sunday,0141,10,5.67,5.27,0.527,0.929453263
471,6/2/2019,Sunday,0211,11,4.36,4.60,0.418181818,1.055045872
472,6/2/2019,Sunday,0233,14,8.4,8.41,0.600714286,1.001190476
473,6/2/2019,Sunday,0311,6,2.32,3.01,0.501666667,1.297413793
474,6/2/2019,Sunday,0320,23,20.34,21.05,0.915217391,1.034906588
475,6/2/2019,Sunday,0425,25,25.26,24.25,0.97,0.960015835
476,6/2/2019,Sunday,0521,10,6.9,10.20,1.02,1.47826087
477,6/2/2019,Sunday,0543,4,1.25,3.01,0.7525,2.408
478,6/2/2019,Sunday,0549,15,7.45,11.97,0.798,1.606711409
479,6/2/2019,Sunday,0624,14,8.48,12.54,0.895714286,1.478773585
480,6/2/2019,Sunday,2150,10,6.19,5.52,0.552,0.891760905
481,6/2/2019,Sunday,2154,25,16.43,37.86,1.5144,2.304321363
482,6/2/2019,Sunday,2248,16,7.14,6.94,0.43375,0.971988796
483,6/2/2019,Sunday,2310,8,3.7,3.72,0.465,1.005405405
484,6/2/2019,Sunday,2334,10,3.32,10.85,1.085,3.268072289
485,6/2/2019,Sunday,2350,23,15.87,16.64,0.723478261,1.048519219
486,6/3/2019,Monday,0048,17,12.41,10.49,0.617058824,0.84528606
487,6/3/2019,Monday,0130,5,2.52,6.01,1.202,2.384920635
488,6/3/2019,Monday,0145,11,8.26,6.88,0.625454545,0.832929782
489,6/3/2019,Monday,0334,26,24.55,22.26,0.856153846,0.906720978
490,6/3/2019,Monday,0410,18,15.08,21.12,1.173333333,1.400530504
491,6/3/2019,Monday,0523,12,4.1,9.58,0.798333333,2.336585366
492,6/3/2019,Monday,0525,14,8.8,13.52,0.965714286,1.536363636
493,6/3/2019,Monday,0626,5,2.85,3.01,0.602,1.056140351
494,6/3/2019,Monday,0645,15,13.35,10.55,0.703333333,0.790262172
495,6/3/2019,Monday,0710,10,5.95,5.40,0.54,0.907563025
496,6/3/2019,Monday,0717,10,4.95,4.85,0.485,0.97979798
497,6/3/2019,Monday,2110,14,7.03,6.57,0.469285714,0.934566145
498,6/3/2019,Monday,2136,12,4.88,5.01,0.4175,1.026639344
499,6/3/2019,Monday,2154,25,13.05,11.76,0.4704,0.901149425
500,6/3/2019,Monday,2244,7,2.56,3.02,0.431428571,1.1796875
501,6/3/2019,Monday,2259,10,6.02,5.42,0.542,0.900332226
502,6/3/2019,Monday,2352,25,21.6,26.38,1.0552,1.221296296
503,6/4/2019,Tuesday,0047,14,8.33,11.12,0.794285714,1.334933974
504,6/4/2019,Tuesday,0108,15,5.02,5.61,0.374,1.11752988
505,6/4/2019,Tuesday,0153,47,38.09,41.62,0.885531915,1.092675243
506,6/4/2019,Tuesday,0247,39,36.25,37.62,0.964615385,1.037793103
507,6/4/2019,Tuesday,0346,23,17.49,23.19,1.00826087,1.325900515
508,6/4/2019,Tuesday,0424,8,3.32,3.82,0.4775,1.15060241
509,6/4/2019,Tuesday,0535,7,2.3,3.00,0.428571429,1.304347826
510,6/4/2019,Tuesday,0646,26,9.46,10.36,0.398461538,1.095137421
511,6/4/2019,Tuesday,0837,15,7.79,7.17,0.478,0.920410783
512,6/4/2019,Tuesday,2109,12,1.77,4.30,0.358333333,2.429378531
513,6/4/2019,Tuesday,2128,7,4.7,4.17,0.595714286,0.887234043
514,6/4/2019,Tuesday,2147,3,1.25,8.01,2.67,6.408
515,6/4/2019,Tuesday,2158,4,1.34,3.01,0.7525,2.246268657
516,6/4/2019,Tuesday,2225,7,2.54,5.01,0.715714286,1.972440945
517,6/4/2019,Tuesday,2232,20,18.23,19.75,0.9875,1.083379046
518,6/4/2019,Tuesday,2347,9,4.2,7.45,0.827777778,1.773809524
519,6/5/2019,Wednesday,0014,7,2.8,3.08,0.44,1.1
520,6/5/2019,Wednesday,0029,21,14.95,12.35,0.588095238,0.826086957
521,6/5/2019,Wednesday,0101,6,2.32,3.01,0.501666667,1.297413793
522,6/5/2019,Wednesday,0248,18,14.84,11.80,0.655555556,0.795148248
523,6/5/2019,Wednesday,0313,20,11.15,9.92,0.496,0.889686099
524,6/5/2019,Wednesday,0340,4,2.38,3.08,0.77,1.294117647
525,6/5/2019,Wednesday,0424,23,22.36,16.95,0.736956522,0.758050089
526,6/5/2019,Wednesday,0554,10,4.24,9.47,0.947,2.233490566
527,6/5/2019,Wednesday,2128,16,5.01,9.25,0.578125,1.846307385
528,6/5/2019,Wednesday,2201,12,5.53,5.41,0.450833333,0.978300181
529,6/5/2019,Wednesday,2232,4,1.55,3.01,0.7525,1.941935484
530,6/5/2019,Wednesday,2257,8,1.73,3.16,0.395,1.826589595
531,6/5/2019,Wednesday,2312,2,0.46,3.92,1.96,8.52173913
532,6/5/2019,Wednesday,2331,17,11.39,12.69,0.746470588,1.114135206
533,6/6/2019,Thursday,0117,12,7.34,9.52,0.793333333,1.297002725
534,6/6/2019,Thursday,0202,33,24.64,26.15,0.792424242,1.061282468
535,6/6/2019,Thursday,0243,12,6.38,11.02,0.918333333,1.727272727
536,6/6/2019,Thursday,0301,5,2.7,3.00,0.6,1.111111111
537,6/6/2019,Thursday,0335,17,14.73,16.20,0.952941176,1.099796334
538,6/6/2019,Thursday,0355,11,6.97,8.15,0.740909091,1.169296987
539,6/6/2019,Thursday,0401,6,3.05,3.11,0.518333333,1.019672131
540,6/6/2019,Thursday,0418,14,8.66,7.52,0.537142857,0.868360277
541,6/6/2019,Thursday,0448,11,1.18,3.03,0.275454545,2.56779661
542,6/6/2019,Thursday,0514,8,6.39,10.38,1.2975,1.624413146
543,6/6/2019,Thursday,0635,9,3.82,3.95,0.438888889,1.034031414
544,6/6/2019,Thursday,0711,19,10.84,12.55,0.660526316,1.157749077
545,6/6/2019,Thursday,0726,7,1.4,3.00,0.428571429,2.142857143
546,6/6/2019,Thursday,0747,7,1.23,6.00,0.857142857,4.87804878
547,6/6/2019,Thursday,0755,22,18.6,16.46,0.748181818,0.884946237
548,6/6/2019,Thursday,0847,18,8.33,10.98,0.61,1.318127251
549,6/6/2019,Thursday,0908,15,8.76,7.74,0.516,0.883561644
550,6/6/2019,Thursday,1001,12,3.48,7.21,0.600833333,2.07183908
551,6/6/2019,Thursday,2009,28,21.2,17.00,0.607142857,0.801886792
552,6/6/2019,Thursday,2106,34,26.6,35.93,1.056764706,1.35075188
553,6/6/2019,Thursday,2158,26,23.88,18.31,0.704230769,0.766750419
554,6/6/2019,Thursday,2236,7,3.01,3.27,0.467142857,1.086378738
555,6/6/2019,Thursday,2243,17,11.7,12.97,0.762941176,1.108547009
556,6/6/2019,Thursday,2340,44,37.71,38.05,0.864772727,1.009016176
557,6/7/2019,Friday,0009,13,7.88,11.86,0.912307692,1.505076142
558,6/7/2019,Friday,0031,17,8.64,9.26,0.544705882,1.071759259
559,6/7/2019,Friday,0111,10,3.63,7.24,0.724,1.994490358
560,6/7/2019,Friday,0126,6,2.46,8.00,1.333333333,3.25203252
561,6/7/2019,Friday,0142,6,2.79,5.26,0.876666667,1.885304659
562,6/7/2019,Friday,0152,7,1.49,6.00,0.857142857,4.026845638
563,6/7/2019,Friday,0214,10,6.41,10.44,1.044,1.628705148
564,6/7/2019,Friday,0244,4,1.28,3.01,0.7525,2.3515625
565,6/7/2019,Friday,0257,12,8.49,7.15,0.595833333,0.842167256
566,6/7/2019,Friday,0313,3,1.27,3.00,1,2.362204724
567,6/7/2019,Friday,0343,16,7.86,7.36,0.46,0.936386768
568,6/7/2019,Friday,0432,9,6.18,5.36,0.595555556,0.867313916
569,6/7/2019,Friday,0458,7,3.47,4.51,0.644285714,1.299711816
570,6/7/2019,Friday,0526,17,7.98,10.65,0.626470588,1.334586466
571,6/7/2019,Friday,0555,16,12.05,12.84,0.8025,1.065560166
572,6/7/2019,Friday,0730,6,3.28,3.22,0.536666667,0.981707317
573,6/7/2019,Friday,0757,7,3.45,3.91,0.558571429,1.133333333
574,6/7/2019,Friday,0829,7,5.21,4.83,0.69,0.92706334
575,6/7/2019,Friday,0903,8,3.81,6.78,0.8475,1.779527559
576,6/7/2019,Friday,0927,16,9.78,8.59,0.536875,0.878323108
577,6/7/2019,Friday,2142,11,5.19,10.11,0.919090909,1.947976879
578,6/7/2019,Friday,2159,16,12.65,10.34,0.64625,0.817391304
579,6/7/2019,Friday,2231,5,1.61,4.01,0.802,2.49068323
580,6/7/2019,Friday,2240,8,2.1,3.01,0.37625,1.433333333
581,6/7/2019,Friday,2304,34,9.96,11.33,0.333235294,1.137550201
582,6/8/2019,Saturday,0033,25,19.87,16.11,0.6444,0.810770005
583,6/8/2019,Saturday,0145,12,8.09,7.15,0.595833333,0.883807169
584,6/8/2019,Saturday,0258,23,10.68,14.40,0.626086957,1.348314607
585,6/8/2019,Saturday,0325,12,6.71,9.08,0.756666667,1.353204173
586,6/8/2019,Saturday,0333,6,3.1,3.11,0.518333333,1.003225806
587,6/8/2019,Saturday,1110,15,5.98,6.46,0.430666667,1.080267559
588,6/8/2019,Saturday,1154,25,21.97,23.00,0.92,1.046882112
589,6/8/2019,Saturday,1255,9,6.82,5.82,0.646666667,0.853372434
590,6/8/2019,Saturday,1312,25,20.69,16.21,0.6484,0.783470275
591,6/8/2019,Saturday,1343,13,3.68,4.56,0.350769231,1.239130435
592,6/8/2019,Saturday,2017,11,4.84,9.94,0.903636364,2.053719008
593,6/8/2019,Saturday,2032,16,11.68,9.71,0.606875,0.831335616
594,6/8/2019,Saturday,2058,4,0.75,4.00,1,5.333333333
595,6/8/2019,Saturday,2106,3,0.7,3.00,1,4.285714286
596,6/8/2019,Saturday,2126,7,1.53,4.01,0.572857143,2.620915033
597,6/8/2019,Saturday,2146,19,7.2,8.36,0.44,1.161111111
598,6/8/2019,Saturday,2211,20,10.07,12.27,0.6135,1.218470705
599,6/8/2019,Saturday,2240,16,12.15,9.99,0.624375,0.822222222
600,6/8/2019,Saturday,2330,3,1.19,3.00,1,2.521008403
601,6/8/2019,Saturday,2338,19,14.64,11.77,0.619473684,0.803961749
602,6/9/2019,Sunday,0017,13,6.21,6.00,0.461538462,0.966183575
603,6/9/2019,Sunday,0030,10,6.1,5.45,0.545,0.893442623
604,6/9/2019,Sunday,0125,10,7.42,9.60,0.96,1.293800539
605,6/9/2019,Sunday,0207,5,2.71,3.00,0.6,1.10701107
606,6/9/2019,Sunday,0220,2,0.91,3.00,1.5,3.296703297
607,6/9/2019,Sunday,0232,8,2.92,3.38,0.4225,1.157534247
608,6/9/2019,Sunday,0335,16,12.78,16.76,1.0475,1.3114241
609,6/9/2019,Sunday,0412,6,2.02,3.01,0.501666667,1.49009901
610,6/9/2019,Sunday,0422,12,4.7,5.93,0.494166667,1.261702128
611,6/9/2019,Sunday,0440,13,7.57,6.97,0.536153846,0.920739762
612,6/9/2019,Sunday,0442,16,6.1,6.36,0.3975,1.042622951
613,6/9/2019,Sunday,0458,11,6.84,9.02,0.82,1.31871345
614,6/9/2019,Sunday,0531,19,16.75,13.76,0.724210526,0.821492537
615,6/9/2019,Sunday,2051,24,21.41,16.97,0.707083333,0.792620271
616,6/9/2019,Sunday,2142,17,7.15,9.09,0.534705882,1.271328671
617,6/9/2019,Sunday,2207,11,8.56,10.33,0.939090909,1.206775701
618,6/9/2019,Sunday,2224,8,2.84,6.24,0.78,2.197183099
619,6/9/2019,Sunday,2247,13,8.33,7.29,0.560769231,0.87515006
620,6/9/2019,Sunday,2321,41,36.96,34.13,0.832439024,0.923430736
621,6/10/2019,Monday,0018,7,3.54,3.48,0.497142857,0.983050847
622,6/10/2019,Monday,0032,10,4.85,4.77,0.477,0.983505155
623,6/10/2019,Monday,0132,31,19.12,16.25,0.524193548,0.849895397
624,6/10/2019,Monday,0247,5,2.71,3.00,0.6,1.10701107
625,6/10/2019,Monday,0301,54,23.93,30.55,0.565740741,1.276640201
626,6/10/2019,Monday,0526,9,3.37,3.73,0.414444444,1.106824926
627,6/10/2019,Monday,0627,8,5.38,6.74,0.8425,1.252788104
628,6/10/2019,Monday,0832,3,0.73,3.00,1,4.109589041
629,6/10/2019,Monday,0843,6,1.2,4.01,0.668333333,3.341666667
630,6/10/2019,Monday,0902,11,3.57,4.09,0.371818182,1.145658263
631,6/10/2019,Monday,0923,13,8.56,7.40,0.569230769,0.864485981
632,6/10/2019,Monday,0946,27,14.45,13.71,0.507777778,0.948788927
633,6/10/2019,Monday,2033,10,4.58,4.93,0.493,1.076419214
634,6/10/2019,Monday,2128,7,3.35,3.52,0.502857143,1.050746269
635,6/10/2019,Monday,2148,5,1.46,3.01,0.602,2.061643836
636,6/10/2019,Monday,2227,6,1.75,3.19,0.531666667,1.822857143
637,6/10/2019,Monday,2240,3,1.19,4.01,1.336666667,3.369747899
638,6/10/2019,Monday,2311,23,6.75,7.88,0.342608696,1.167407407
639,6/10/2019,Monday,2340,24,15.4,16.06,0.669166667,1.042857143
640,6/11/2019,Tuesday,0021,11,5.08,4.98,0.452727273,0.980314961
641,6/11/2019,Tuesday,0047,18,9.72,8.74,0.485555556,0.899176955
642,6/11/2019,Tuesday,0110,6,2.3,3.00,0.5,1.304347826
643,6/11/2019,Tuesday,0142,1,0.38,3.36,3.36,8.842105263
644,6/11/2019,Tuesday,0149,47,50.52,48.97,1.041914894,0.969319082
645,6/11/2019,Tuesday,0326,6,3.25,3.21,0.535,0.987692308
646,6/11/2019,Tuesday,0435,12,6.15,7.17,0.5975,1.165853659
647,6/11/2019,Tuesday,0514,11,8.09,6.76,0.614545455,0.835599506
648,6/11/2019,Tuesday,0527,15,12.66,10.07,0.671333333,0.795418641
649,6/11/2019,Tuesday,1824,12,4.52,4.83,0.4025,1.068584071
650,6/11/2019,Tuesday,1849,18,9.3,13.54,0.752222222,1.455913978
651,6/11/2019,Tuesday,1922,9,3.43,8.77,0.974444444,2.556851312
652,6/11/2019,Tuesday,1928,10,3.53,3.98,0.398,1.127478754
653,6/11/2019,Tuesday,1952,22,2.93,5.42,0.246363636,1.849829352
654,6/11/2019,Tuesday,2138,11,4.66,4.83,0.439090909,1.036480687
655,6/11/2019,Tuesday,2206,9,4.57,9.40,1.044444444,2.056892779
656,6/11/2019,Tuesday,2228,16,14.8,11.54,0.72125,0.77972973
657,6/11/2019,Tuesday,2259,3,0.81,6.01,2.003333333,7.419753086
658,6/11/2019,Tuesday,2312,7,2.48,3.48,0.497142857,1.403225806
659,6/11/2019,Tuesday,2332,10,4.36,4.48,0.448,1.027522936
660,6/12/2019,Wednesday,0053,7,2.69,3.01,0.43,1.118959108
661,6/12/2019,Wednesday,0058,5,1.78,3.00,0.6,1.685393258
662,6/12/2019,Wednesday,0109,13,7.73,6.83,0.525384615,0.883570505
663,6/12/2019,Wednesday,0126,21,7.13,7.92,0.377142857,1.110799439
664,6/12/2019,Wednesday,0203,2,0.88,3.01,1.505,3.420454545
665,6/12/2019,Wednesday,0214,5,2.2,3.00,0.6,1.363636364
666,6/12/2019,Wednesday,0255,10,5.68,5.20,0.52,0.915492958
667,6/12/2019,Wednesday,0307,13,9.5,7.99,0.614615385,0.841052632
668,6/12/2019,Wednesday,0327,19,19.44,18.34,0.965263158,0.943415638
669,6/12/2019,Wednesday,0400,6,2.52,3.16,0.526666667,1.253968254
670,6/12/2019,Wednesday,0420,19,15.33,15.01,0.79,0.979125897
671,6/12/2019,Wednesday,0529,21,12.23,10.70,0.50952381,0.874897792
672,6/12/2019,Wednesday,0553,5,3.43,8.24,1.648,2.402332362
673,6/12/2019,Wednesday,0615,10,7.16,9.10,0.91,1.270949721
674,6/12/2019,Wednesday,0659,30,26.79,27.59,0.919666667,1.029861889
675,6/12/2019,Wednesday,0734,27,16.6,14.10,0.522222222,0.84939759
676,6/12/2019,Wednesday,1816,16,5.77,9.51,0.594375,1.648180243
677,6/12/2019,Wednesday,1844,10,3.54,6.96,0.696,1.966101695
678,6/12/2019,Wednesday,1857,5,1.72,3.01,0.602,1.75
679,6/12/2019,Wednesday,1923,13,4.04,6.48,0.498461538,1.603960396
680,6/12/2019,Wednesday,2003,39,19.11,23.48,0.602051282,1.228676086
681,6/12/2019,Wednesday,2055,6,3.84,3.62,0.603333333,0.942708333
682,6/12/2019,Wednesday,2125,22,6.54,8.34,0.379090909,1.275229358
683,6/12/2019,Wednesday,2208,17,12.61,10.58,0.622352941,0.839016653
684,6/12/2019,Wednesday,2233,30,14.71,13.53,0.451,0.919782461
685,6/12/2019,Wednesday,2322,4,0.88,3.01,0.7525,3.420454545
686,6/12/2019,Wednesday,2357,18,9.29,8.56,0.475555556,0.921420883
687,6/13/2019,Thursday,0112,9,4.39,17.79,1.976666667,4.0523918
688,6/13/2019,Thursday,0148,10,4.2,6.20,0.62,1.476190476
689,6/13/2019,Thursday,0211,18,9.96,9.00,0.5,0.903614458
690,6/13/2019,Thursday,0228,12,6.96,6.33,0.5275,0.909482759
691,6/13/2019,Thursday,0335,17,7.02,7.06,0.415294118,1.005698006
692,6/13/2019,Thursday,0350,18,16.61,16.68,0.926666667,1.004214329
693,6/13/2019,Thursday,0402,18,11.53,14.72,0.817777778,1.276669558
694,6/13/2019,Thursday,0435,18,17.85,20.62,1.145555556,1.155182073
695,6/13/2019,Thursday,0505,11,6.88,10.18,0.925454545,1.479651163
696,6/13/2019,Thursday,0549,7,3.77,6.73,0.961428571,1.785145889
697,6/13/2019,Thursday,0619,12,8.92,10.44,0.87,1.170403587
698,6/13/2019,Thursday,1809,14,7.49,11.96,0.854285714,1.596795728
699,6/13/2019,Thursday,1837,16,10.79,12.17,0.760625,1.1278962
700,6/13/2019,Thursday,1856,19,7.5,10.60,0.557894737,1.413333333
701,6/13/2019,Thursday,2029,19,12.77,10.68,0.562105263,0.836335161
702,6/13/2019,Thursday,2114,3,0.5,3.01,1.003333333,6.02
703,6/13/2019,Thursday,2117,34,27.48,28.22,0.83,1.026928675
704,6/13/2019,Thursday,2159,21,10.08,9.44,0.44952381,0.936507937
705,6/13/2019,Thursday,2252,8,4.28,4.12,0.515,0.962616822
706,6/13/2019,Thursday,2311,9,6.48,5.57,0.618888889,0.859567901
707,6/13/2019,Thursday,2325,17,11.03,10.36,0.609411765,0.939256573
708,6/13/2019,Thursday,2354,33,25.48,56.52,1.712727273,2.218210361
709,6/14/2019,Friday,0013,11,6.7,11.00,1,1.641791045
710,6/14/2019,Friday,0031,3,0.72,3.00,1,4.166666667
711,6/14/2019,Friday,0110,25,21.91,24.32,0.9728,1.109995436
712,6/14/2019,Friday,0159,6,2.12,3.03,0.505,1.429245283
713,6/14/2019,Friday,0213,3,0.92,3.01,1.003333333,3.27173913
714,6/14/2019,Friday,0230,16,11.11,11.49,0.718125,1.03420342
715,6/14/2019,Friday,0256,4,1.23,3.01,0.7525,2.447154472
716,6/14/2019,Friday,0319,18,10.43,9.24,0.513333333,0.88590604
717,6/14/2019,Friday,0343,3,1.44,3.01,1.003333333,2.090277778
718,6/14/2019,Friday,0458,14,9.2,8.86,0.632857143,0.963043478
719,6/14/2019,Friday,0516,11,6.81,6.02,0.547272727,0.883994126
720,6/14/2019,Friday,0553,12,8.21,6.97,0.580833333,0.848964677
721,6/14/2019,Friday,1732,21,14.7,15.18,0.722857143,1.032653061
722,6/14/2019,Friday,1837,8,2.29,3.01,0.37625,1.31441048
723,6/14/2019,Friday,1852,7,2.14,3.00,0.428571429,1.401869159
724,6/14/2019,Friday,1903,6,2.16,3.01,0.501666667,1.393518519
725,6/14/2019,Friday,2003,11,7.23,6.26,0.569090909,0.865836791
726,6/14/2019,Friday,2016,6,1.34,3.01,0.501666667,2.246268657
727,6/14/2019,Friday,2038,14,4.4,5.07,0.362142857,1.152272727
728,6/14/2019,Friday,2120,6,2.23,3.01,0.501666667,1.349775785
729,6/14/2019,Friday,2129,14,8.04,7.53,0.537857143,0.936567164
730,6/14/2019,Friday,2150,24,18.03,19.18,0.799166667,1.063782585
731,6/14/2019,Friday,2312,6,1.61,3.01,0.501666667,1.869565217
732,6/14/2019,Friday,2336,4,1.29,3.01,0.7525,2.333333333
733,6/15/2019,Saturday,0030,19,13.4,16.14,0.849473684,1.204477612
734,6/15/2019,Saturday,0100,13,5.99,8.85,0.680769231,1.477462437
735,6/15/2019,Saturday,0123,4,1.36,7.76,1.94,5.705882353
736,6/15/2019,Saturday,0128,8,3.26,6.55,0.81875,2.009202454
737,6/15/2019,Saturday,0150,5,1.59,5.75,1.15,3.616352201
738,6/15/2019,Saturday,0200,3,1.39,3.01,1.003333333,2.165467626
739,6/15/2019,Saturday,0204,15,9.97,8.46,0.564,0.848545637
740,6/15/2019,Saturday,0231,11,4.11,4.42,0.401818182,1.075425791
741,6/15/2019,Saturday,0259,20,7.97,8.05,0.4025,1.010037641
742,6/15/2019,Saturday,0326,39,14.46,14.70,0.376923077,1.01659751
743,6/15/2019,Saturday,1836,21,5.47,6.83,0.325238095,1.248628885
744,6/15/2019,Saturday,1909,20,15.4,12.45,0.6225,0.808441558
745,6/15/2019,Saturday,1942,12,3.14,5.10,0.425,1.624203822
746,6/15/2019,Saturday,2003,14,7.45,9.91,0.707857143,1.330201342
747,6/15/2019,Saturday,2046,10,7.34,6.25,0.625,0.851498638
748,6/15/2019,Saturday,2059,15,5.17,6.67,0.444666667,1.290135397
749,6/15/2019,Saturday,2131,11,4.06,5.52,0.501818182,1.359605911
750,6/15/2019,Saturday,2151,3,1.05,3.01,1.003333333,2.866666667
751,6/15/2019,Saturday,2215,18,8.29,8.00,0.444444444,0.965018094
752,6/15/2019,Saturday,2237,22,13.95,12.93,0.587727273,0.92688172
753,6/15/2019,Saturday,2312,6,3.63,3.47,0.578333333,0.955922865
754,6/15/2019,Saturday,2327,17,8.15,13.05,0.767647059,1.601226994
755,6/15/2019,Saturday,2355,8,4.3,4.13,0.51625,0.960465116
756,6/16/2019,Sunday,0017,19,12.32,13.46,0.708421053,1.092532468
757,6/16/2019,Sunday,0057,6,2.37,3.01,0.501666667,1.270042194
758,6/16/2019,Sunday,0107,14,7.66,11.92,0.851428571,1.55613577
759,6/16/2019,Sunday,0133,12,3.13,4.01,0.334166667,1.28115016
760,6/16/2019,Sunday,0202,30,11.42,11.55,0.385,1.011383538
761,6/16/2019,Sunday,0230,23,9.81,9.61,0.417826087,0.97961264
762,6/16/2019,Sunday,0306,7,2.54,3.12,0.445714286,1.228346457
763,6/16/2019,Sunday,0318,6,2.05,3.21,0.535,1.565853659
764,6/16/2019,Sunday,0344,15,11.84,12.61,0.840666667,1.065033784
765,6/16/2019,Sunday,0416,22,11.03,10.17,0.462272727,0.922030825
766,6/16/2019,Sunday,0435,17,1.47,3.84,0.225882353,2.612244898
767,6/16/2019,Sunday,0510,13,5.73,5.79,0.445384615,1.010471204
768,6/16/2019,Sunday,0529,5,2.02,3.01,0.602,1.49009901
769,6/16/2019,Sunday,0541,4,1,3.35,0.8375,3.35
770,6/16/2019,Sunday,0604,19,17.63,17.47,0.919473684,0.99092456
771,6/16/2019,Sunday,1837,7,3.26,3.41,0.487142857,1.04601227
772,6/16/2019,Sunday,1852,7,3.71,3.64,0.52,0.981132075
773,6/16/2019,Sunday,1905,7,2.17,4.00,0.571428571,1.843317972
774,6/16/2019,Sunday,1916,8,1.96,6.01,0.75125,3.066326531
775,6/16/2019,Sunday,1937,15,10.58,8.83,0.588666667,0.834593573
776,6/16/2019,Sunday,2001,17,8.31,18.85,1.108823529,2.268351384
777,6/16/2019,Sunday,2037,2,0.46,3.37,1.685,7.326086957
778,6/16/2019,Sunday,2044,37,40.95,29.87,0.807297297,0.729426129
779,6/16/2019,Sunday,2133,39,35.45,31.49,0.807435897,0.888293371
780,6/16/2019,Sunday,2245,28,17.01,14.60,0.521428571,0.858318636
781,6/17/2019,Monday,0030,21,15.06,12.32,0.586666667,0.818061089
782,6/17/2019,Monday,0410,18,16.18,13.80,0.766666667,0.852904821
783,6/17/2019,Monday,0455,20,16.26,15.34,0.767,0.943419434
784,6/17/2019,Monday,0536,6,3.42,6.26,1.043333333,1.830409357
785,6/17/2019,Monday,0605,5,2.28,3.01,0.602,1.320175439
786,6/17/2019,Monday,1703,13,3.13,4.12,0.316923077,1.31629393
787,6/17/2019,Monday,1736,4,1.57,3.01,0.7525,1.917197452
788,6/17/2019,Monday,1754,13,3.24,5.27,0.405384615,1.62654321
789,6/17/2019,Monday,1816,16,5.98,9.34,0.58375,1.56187291
790,6/17/2019,Monday,1902,23,19.23,19.28,0.83826087,1.002600104
791,6/17/2019,Monday,2005,28,25.5,22.69,0.810357143,0.889803922
792,6/17/2019,Monday,2123,8,4.72,7.34,0.9175,1.555084746
793,6/17/2019,Monday,2146,18,7.8,10.73,0.596111111,1.375641026
794,6/17/2019,Monday,2210,10,2.8,6.57,0.657,2.346428571
795,6/17/2019,Monday,2226,17,4.97,8.86,0.521176471,1.782696177
796,6/17/2019,Monday,2321,20,13.77,19.24,0.962,1.397240378
797,6/18/2019,Tuesday,0001,7,3.09,3.22,0.46,1.042071197
798,6/18/2019,Tuesday,0019,6,1.95,3.02,0.503333333,1.548717949
799,6/18/2019,Tuesday,0032,23,20.96,19.68,0.855652174,0.938931298
800,6/18/2019,Tuesday,0125,5,2.49,3.01,0.602,1.208835341
801,6/18/2019,Tuesday,0136,10,4.23,4.45,0.445,1.052009456
802,6/18/2019,Tuesday,0208,6,2.37,3.01,0.501666667,1.270042194
803,6/18/2019,Tuesday,0242,11,7.9,6.66,0.605454545,0.843037975
804,6/18/2019,Tuesday,0259,5,4.09,3.61,0.722,0.882640587
805,6/18/2019,Tuesday,0324,9,6.09,5.25,0.583333333,0.862068966
806,6/18/2019,Tuesday,1732,8,3.35,3.80,0.475,1.134328358
807,6/18/2019,Tuesday,1752,13,6.9,6.38,0.490769231,0.924637681
808,6/18/2019,Tuesday,1812,12,3.63,4.34,0.361666667,1.195592287
809,6/18/2019,Tuesday,2126,9,1.66,4.83,0.536666667,2.909638554
810,6/18/2019,Tuesday,2150,13,4.03,4.67,0.359230769,1.158808933
811,6/18/2019,Tuesday,2207,7,2.18,3.01,0.43,1.380733945
812,6/18/2019,Tuesday,2220,10,3.98,4.26,0.426,1.070351759
813,6/18/2019,Tuesday,2235,26,5.03,7.22,0.277692308,1.435387674
814,6/18/2019,Tuesday,2316,23,14.9,19.31,0.839565217,1.295973154
815,6/19/2019,Wednesday,0008,3,1.07,3.31,1.103333333,3.093457944
816,6/19/2019,Wednesday,0016,10,3.32,13.80,1.38,4.156626506
817,6/19/2019,Wednesday,0052,7,3.88,6.69,0.955714286,1.724226804
818,6/19/2019,Wednesday,0111,7,3.75,7.73,1.104285714,2.061333333
819,6/19/2019,Wednesday,0122,16,9,9.55,0.596875,1.061111111
820,6/19/2019,Wednesday,0156,9,4.39,6.83,0.758888889,1.555808656
821,6/19/2019,Wednesday,0241,4,0.91,3.00,0.75,3.296703297
822,6/19/2019,Wednesday,0259,8,2,4.00,0.5,2
823,6/19/2019,Wednesday,0312,8,3.2,3.56,0.445,1.1125
824,6/19/2019,Wednesday,0330,12,6.75,6.15,0.5125,0.911111111
825,6/19/2019,Wednesday,0347,13,7.29,7.66,0.589230769,1.050754458
826,6/19/2019,Wednesday,0359,10,5.8,5.49,0.549,0.946551724
827,6/19/2019,Wednesday,0403,19,16.13,18.65,0.981578947,1.156230626
828,6/19/2019,Wednesday,0441,17,9.2,8.89,0.522941176,0.966304348
829,6/19/2019,Wednesday,0532,14,7.77,7.01,0.500714286,0.902187902
830,6/19/2019,Wednesday,0622,10,6.42,5.67,0.567,0.88317757
831,6/19/2019,Wednesday,0657,8,3.71,3.78,0.4725,1.018867925
832,6/19/2019,Wednesday,0705,12,3.68,8.13,0.6775,2.20923913
833,6/19/2019,Wednesday,0711,3,1.27,3.00,1,2.362204724
834,6/19/2019,Wednesday,0742,10,3.67,4.24,0.424,1.155313351
835,6/19/2019,Wednesday,0803,16,6.48,9.55,0.596875,1.473765432
836,6/19/2019,Wednesday,2249,16,9.06,8.09,0.505625,0.892935982
837,6/19/2019,Wednesday,2351,5,1.01,6.00,1.2,5.940594059
838,6/20/2019,Thursday,0027,17,12.56,11.24,0.661176471,0.894904459
839,6/20/2019,Thursday,0049,17,9.69,9.67,0.568823529,0.997936017
840,6/20/2019,Thursday,0119,39,19.55,17.69,0.453589744,0.904859335
841,6/20/2019,Thursday,0240,14,12.85,14.89,1.063571429,1.158754864
842,6/20/2019,Thursday,0320,16,10.29,14.50,0.90625,1.409135083
843,6/20/2019,Thursday,0356,18,13.58,18.28,1.015555556,1.346097202
844,6/20/2019,Thursday,0436,6,3.48,6.35,1.058333333,1.824712644
845,6/20/2019,Thursday,0455,23,21.28,24.26,1.054782609,1.140037594
846,6/20/2019,Thursday,1539,13,3.07,4.19,0.322307692,1.364820847
847,6/20/2019,Thursday,1815,9,3.1,4.64,0.515555556,1.496774194
848,6/20/2019,Thursday,1854,5,1.91,8.01,1.602,4.193717277
849,6/20/2019,Thursday,1905,6,1.87,3.01,0.501666667,1.609625668
850,6/20/2019,Thursday,2009,18,5.2,11.17,0.620555556,2.148076923
851,6/20/2019,Thursday,2054,10,3.22,3.86,0.386,1.198757764
852,6/20/2019,Thursday,2103,8,2.99,3.39,0.42375,1.133779264
853,6/20/2019,Thursday,2123,6,1.63,3.01,0.501666667,1.846625767
854,6/20/2019,Thursday,2130,8,2.16,3.00,0.375,1.388888889
855,6/20/2019,Thursday,2140,10,2.35,3.29,0.329,1.4
856,6/20/2019,Thursday,2201,22,11.62,10.47,0.475909091,0.901032702
857,6/20/2019,Thursday,2227,8,3.66,3.70,0.4625,1.010928962
858,6/20/2019,Thursday,2300,8,4.04,4.16,0.52,1.02970297
859,6/21/2019,Friday,0013,5,0.96,3.01,0.602,3.135416667
860,6/21/2019,Friday,0025,5,0.61,3.01,0.602,4.93442623
861,6/21/2019,Friday,0033,25,13.46,12.02,0.4808,0.893016345
862,6/21/2019,Friday,0101,13,4.82,5.11,0.393076923,1.060165975
863,6/21/2019,Friday,0116,7,2.78,11.02,1.574285714,3.964028777
864,6/21/2019,Friday,0142,18,2.73,4.75,0.263888889,1.73992674
865,6/21/2019,Friday,0323,11,7.68,9.53,0.866363636,1.240885417
866,6/21/2019,Friday,0343,13,7.1,6.50,0.5,0.915492958
867,6/21/2019,Friday,0435,5,0.78,3.00,0.6,3.846153846
868,6/21/2019,Friday,0501,15,4.77,5.61,0.374,1.176100629
869,6/21/2019,Friday,0528,10,6.15,7.76,0.776,1.261788618
870,6/21/2019,Friday,0602,29,24.41,19.80,0.682758621,0.811142974
871,6/21/2019,Friday,0652,7,2.53,3.00,0.428571429,1.185770751
872,6/21/2019,Friday,1741,19,7.2,14.46,0.761052632,2.008333333
873,6/21/2019,Friday,1806,6,1.68,3.00,0.5,1.785714286
874,6/21/2019,Friday,1817,7,1.38,4.01,0.572857143,2.905797101
875,6/21/2019,Friday,1828,15,2.64,5.15,0.343333333,1.950757576
876,6/21/2019,Friday,1853,14,7.25,9.05,0.646428571,1.248275862
877,6/21/2019,Friday,1924,16,6.92,11.84,0.74,1.710982659
878,6/21/2019,Friday,1947,16,7.31,7.08,0.4425,0.968536252
879,6/21/2019,Friday,2019,16,5.04,8.78,0.54875,1.742063492
880,6/21/2019,Friday,2037,7,2.6,3.07,0.438571429,1.180769231
881,6/21/2019,Friday,2106,9,3.34,3.70,0.411111111,1.107784431
882,6/21/2019,Friday,2119,7,2.81,6.17,0.881428571,2.195729537
883,6/21/2019,Friday,2132,11,6.81,6.11,0.555454545,0.897209985
884,6/21/2019,Friday,2146,19,7.73,12.76,0.671578947,1.650711514
885,6/21/2019,Friday,2208,7,2.62,4.09,0.584285714,1.561068702
886,6/21/2019,Friday,2219,19,9.78,9.02,0.474736842,0.922290389
887,6/21/2019,Friday,2233,33,15.72,16.40,0.496969697,1.043256997
888,6/21/2019,Friday,2359,6,2.07,4.01,0.668333333,1.937198068
889,6/22/2019,Saturday,0028,20,18.29,14.06,0.703,0.76872608
890,6/22/2019,Saturday,0054,7,3.61,4.84,0.691428571,1.340720222
891,6/22/2019,Saturday,0117,21,16.41,13.21,0.629047619,0.804996953
892,6/22/2019,Saturday,0159,15,9.48,8.17,0.544666667,0.861814346
893,6/22/2019,Saturday,0240,4,1.67,8.01,2.0025,4.796407186
894,6/22/2019,Saturday,0257,19,13.94,11.86,0.624210526,0.850789096
895,6/22/2019,Saturday,0325,8,4.33,9.15,1.14375,2.113163972
896,6/22/2019,Saturday,0342,17,14.33,11.87,0.698235294,0.82833217
897,6/22/2019,Saturday,0414,26,24.77,24.66,0.948461538,0.995559144
898,6/22/2019,Saturday,0621,27,25.7,19.52,0.722962963,0.759533074
899,6/22/2019,Saturday,1742,19,14.69,15.68,0.825263158,1.067392784
900,6/22/2019,Saturday,1816,5,0.38,3.01,0.602,7.921052632
901,6/22/2019,Saturday,1822,8,2.45,4.53,0.56625,1.848979592
902,6/22/2019,Saturday,1845,27,26.08,21.05,0.77962963,0.807131902
903,6/22/2019,Saturday,1926,14,7.13,9.70,0.692857143,1.360448808
904,6/22/2019,Saturday,2032,10,3.83,6.25,0.625,1.631853786
905,6/22/2019,Saturday,2141,14,9.37,10.94,0.781428571,1.16755603
906,6/22/2019,Saturday,2204,10,3.26,6.90,0.69,2.116564417
907,6/22/2019,Saturday,2229,6,1.95,6.03,1.005,3.092307692
908,6/22/2019,Saturday,2240,14,8.46,8.41,0.600714286,0.994089835
909,6/22/2019,Saturday,2314,12,6.53,6.10,0.508333333,0.934150077
910,6/22/2019,Saturday,2330,6,1.4,3.01,0.501666667,2.15
911,6/22/2019,Saturday,2343,4,1.83,3.01,0.7525,1.644808743
912,6/22/2019,Saturday,2359,20,4.17,5.89,0.2945,1.412470024
913,6/23/2019,Sunday,0001,12,6.02,5.80,0.483333333,0.96345515
914,6/23/2019,Sunday,0018,25,18,18.04,0.7216,1.002222222
915,6/23/2019,Sunday,0056,6,2.41,3.11,0.518333333,1.290456432
916,6/23/2019,Sunday,0116,9,6.85,18.64,2.071111111,2.721167883
917,6/23/2019,Sunday,0132,17,10.7,9.17,0.539411765,0.857009346
918,6/23/2019,Sunday,0216,15,8.31,8.32,0.554666667,1.001203369
919,6/23/2019,Sunday,0249,47,49.78,45.54,0.96893617,0.914825231
920,6/23/2019,Sunday,0350,36,34.72,42.37,1.176944444,1.220334101
921,6/23/2019,Sunday,0412,11,7.13,11.18,1.016363636,1.56802244
922,6/23/2019,Sunday,2013,7,2.88,3.09,0.441428571,1.072916667
923,6/23/2019,Sunday,2029,22,14.8,16.82,0.764545455,1.136486486
924,6/23/2019,Sunday,2056,24,14.45,17.71,0.737916667,1.225605536
925,6/23/2019,Sunday,2130,11,3.23,6.95,0.631818182,2.151702786
926,6/23/2019,Sunday,2144,13,8.83,7.57,0.582307692,0.857304643
927,6/23/2019,Sunday,2206,29,26.62,36.94,1.273793103,1.387678437
928,6/23/2019,Sunday,2305,33,31.71,29.74,0.901212121,0.937874488
929,6/24/2019,Monday,0041,27,23.14,24.19,0.895925926,1.045375972
930,6/24/2019,Monday,0152,8,4.51,4.29,0.53625,0.951219512
931,6/24/2019,Monday,0206,10,5.33,10.08,1.008,1.891181989
932,6/24/2019,Monday,0224,35,30.91,29.37,0.839142857,0.950177936
933,6/24/2019,Monday,0440,10,6.51,6.09,0.609,0.935483871
934,6/24/2019,Monday,0519,16,12.71,13.32,0.8325,1.047993706
935,6/24/2019,Monday,1716,35,18.73,20.89,0.596857143,1.115323011
936,6/24/2019,Monday,1850,17,10.82,12.34,0.725882353,1.140480591
937,6/24/2019,Monday,1951,11,5.45,7.86,0.714545455,1.442201835
938,6/24/2019,Monday,2026,10,4.77,5.06,0.506,1.060796646
939,6/24/2019,Monday,2051,5,1.35,3.01,0.602,2.22962963
940,6/24/2019,Monday,2101,12,3.53,4.26,0.355,1.206798867
941,6/24/2019,Monday,2128,10,4.46,4.58,0.458,1.02690583
942,6/24/2019,Monday,2152,16,7.16,12.28,0.7675,1.715083799
943,6/24/2019,Monday,2220,5,0.9,3.01,0.602,3.344444444
944,6/24/2019,Monday,2324,14,10.16,8.52,0.608571429,0.838582677
945,6/24/2019,Monday,2358,24,19.66,15.52,0.646666667,0.789420142
946,6/25/2019,Tuesday,0023,15,7.21,11.34,0.756,1.572815534
947,6/25/2019,Tuesday,0051,7,3.49,4.54,0.648571429,1.300859599
948,6/25/2019,Tuesday,0123,17,7.94,10.67,0.627647059,1.343828715
949,6/25/2019,Tuesday,0147,3,0.59,3.01,1.003333333,5.101694915
950,6/25/2019,Tuesday,0201,16,7.47,10.20,0.6375,1.365461847
951,6/25/2019,Tuesday,0242,13,8.37,7.29,0.560769231,0.870967742
952,6/25/2019,Tuesday,1602,15,3.79,6.82,0.454666667,1.799472296
953,6/25/2019,Tuesday,1849,23,13.77,11.99,0.521304348,0.870733479
954,6/25/2019,Tuesday,1949,19,8.09,8.06,0.424210526,0.996291718
955,6/25/2019,Tuesday,2017,7,2.17,3.00,0.428571429,1.382488479
956,6/25/2019,Tuesday,2029,13,9.81,20.10,1.546153846,2.048929664
957,6/25/2019,Tuesday,2053,18,8.27,7.91,0.439444444,0.956469166
958,6/25/2019,Tuesday,2116,8,4.37,7.13,0.89125,1.631578947
959,6/25/2019,Tuesday,2148,20,10.45,9.50,0.475,0.909090909
960,6/25/2019,Tuesday,2211,3,0.53,3.01,1.003333333,5.679245283
961,6/25/2019,Tuesday,2218,16,9.61,13.50,0.84375,1.404786681
962,6/25/2019,Tuesday,2315,8,3.53,3.64,0.455,1.031161473
963,6/25/2019,Tuesday,2338,14,7.39,10.03,0.716428571,1.357239513
964,6/26/2019,Wednesday,0011,21,8.87,8.69,0.413809524,0.979706877
965,6/26/2019,Wednesday,0107,25,16.77,13.98,0.5592,0.833631485
966,6/26/2019,Wednesday,0156,5,1.59,3.01,0.602,1.893081761
967,6/26/2019,Wednesday,0300,37,36.07,33.10,0.894594595,0.917660105
968,6/26/2019,Wednesday,1709,22,11.01,14.72,0.669090909,1.336966394
969,6/26/2019,Wednesday,1851,14,10.16,9.50,0.678571429,0.93503937
970,6/26/2019,Wednesday,2012,26,23.03,23.85,0.917307692,1.035605732
971,6/26/2019,Wednesday,2052,20,19.73,14.99,0.7495,0.759756716
972,6/26/2019,Wednesday,2131,40,35.47,34.25,0.85625,0.965604736
973,6/26/2019,Wednesday,2225,52,38.45,70.78,1.361153846,1.84083225
974,6/27/2019,Thursday,0024,28,22.18,23.70,0.846428571,1.068530207
975,6/27/2019,Thursday,0104,28,25.49,20.50,0.732142857,0.804236956
976,6/27/2019,Thursday,0136,8,3.99,8.89,1.11125,2.228070175
977,6/27/2019,Thursday,0150,23,19.32,20.58,0.894782609,1.065217391
978,6/27/2019,Thursday,0205,3,1.27,4.01,1.336666667,3.157480315
979,6/27/2019,Thursday,0316,6,2.36,3.00,0.5,1.271186441
980,6/27/2019,Thursday,0339,39,40.85,32.34,0.829230769,0.791676867
981,6/27/2019,Thursday,1811,11,2.96,4.82,0.438181818,1.628378378
982,6/27/2019,Thursday,1830,4,0.72,3.00,0.75,4.166666667
983,6/27/2019,Thursday,1850,26,21.2,16.78,0.645384615,0.791509434
984,6/27/2019,Thursday,1927,9,2.8,8.37,0.93,2.989285714
985,6/27/2019,Thursday,2058,10,7.07,12.33,1.233,1.743988685
986,6/27/2019,Thursday,2125,19,10.56,9.48,0.498947368,0.897727273
987,6/27/2019,Thursday,2219,28,7.54,14.09,0.503214286,1.868700265
988,6/27/2019,Thursday,2250,14,3.96,7.78,0.555714286,1.964646465
989,6/27/2019,Thursday,2347,15,8.37,8.58,0.572,1.025089606
990,6/28/2019,Friday,0036,29,11.97,13.58,0.468275862,1.134502924
991,6/28/2019,Friday,0123,4,1.44,5.50,1.375,3.819444444
992,6/28/2019,Friday,0135,5,1.7,9.78,1.956,5.752941176
993,6/28/2019,Friday,0150,11,7.94,9.64,0.876363636,1.214105793
994,6/28/2019,Friday,0235,7,2.98,6.16,0.88,2.067114094
995,6/28/2019,Friday,0312,26,24.51,24.34,0.936153846,0.993064055
996,6/28/2019,Friday,0356,16,8.03,8.50,0.53125,1.058530511
997,6/28/2019,Friday,0434,4,1.28,4.16,1.04,3.25
998,6/28/2019,Friday,0450,18,10.76,13.95,0.775,1.296468401
999,6/28/2019,Friday,0602,48,49.64,44.19,0.920625,0.890209508
1000,6/28/2019,Friday,0708,18,11.64,9.99,0.555,0.858247423
1001,6/28/2019,Friday,0744,14,9.39,12.95,0.925,1.379126731
1002,6/28/2019,Friday,0808,18,11.57,9.92,0.551111111,0.857389801
1003,6/28/2019,Friday,2147,24,20.08,18.97,0.790416667,0.944721116
1004,6/28/2019,Friday,2223,21,14.37,16.95,0.807142857,1.17954071
1005,6/28/2019,Friday,2253,45,25.38,27.11,0.602444444,1.068163909
1006,6/29/2019,Saturday,0053,4,1.78,3.01,0.7525,1.691011236
1007,6/29/2019,Saturday,0106,8,3.31,3.59,0.44875,1.084592145
1008,6/29/2019,Saturday,0124,7,3.37,3.50,0.5,1.038575668
1009,6/29/2019,Saturday,0131,15,8.42,16.52,1.101333333,1.961995249
1010,6/29/2019,Saturday,0204,5,2.07,3.01,0.602,1.45410628
1011,6/29/2019,Saturday,0235,17,15.68,15.44,0.908235294,0.984693878
1012,6/29/2019,Saturday,0324,20,18.1,14.31,0.7155,0.790607735
1013,6/29/2019,Saturday,0348,17,11.15,9.47,0.557058824,0.849327354
1014,6/29/2019,Saturday,1736,6,3.44,3.39,0.565,0.985465116
1015,6/29/2019,Saturday,1747,7,2.73,4.18,0.597142857,1.531135531
1016,6/29/2019,Saturday,1826,13,4.87,5.18,0.398461538,1.063655031
1017,6/29/2019,Saturday,1841,6,1.87,4.01,0.668333333,2.144385027
1018,6/29/2019,Saturday,1900,6,2.43,3.06,0.51,1.259259259
1019,6/29/2019,Saturday,1913,9,2.87,4.46,0.495555556,1.554006969
1020,6/29/2019,Saturday,1931,4,1.17,3.01,0.7525,2.572649573
1021,6/29/2019,Saturday,1939,15,3.84,4.94,0.329333333,1.286458333
1022,6/29/2019,Saturday,2127,22,17.23,17.56,0.798181818,1.019152641
1023,6/29/2019,Saturday,2200,10,5.59,5.16,0.516,0.923076923
1024,6/29/2019,Saturday,2211,22,6.23,12.34,0.560909091,1.980738363
1025,6/29/2019,Saturday,2256,11,4.87,5.73,0.520909091,1.176591376
1026,6/29/2019,Saturday,2314,20,7.64,7.82,0.391,1.023560209
1027,6/30/2019,Sunday,0020,49,46.1,44.29,0.903877551,0.960737527
1028,6/30/2019,Sunday,0127,15,9.11,12.97,0.864666667,1.423710209
1029,6/30/2019,Sunday,0201,26,13.03,19.15,0.736538462,1.469685342
1030,6/30/2019,Sunday,0343,18,9.8,13.79,0.766111111,1.407142857
1031,6/30/2019,Sunday,0405,16,9.85,13.11,0.819375,1.330964467
1032,6/30/2019,Sunday,0502,12,6.95,6.32,0.526666667,0.909352518
1033,6/30/2019,Sunday,0531,18,15.67,12.23,0.679444444,0.78047224
1034,6/30/2019,Sunday,1803,7,4.07,3.90,0.557142857,0.958230958
1035,6/30/2019,Sunday,1828,19,16.81,13.15,0.692105263,0.782272457
1036,6/30/2019,Sunday,1859,14,8.19,7.27,0.519285714,0.887667888
1037,6/30/2019,Sunday,1942,14,11.11,9.05,0.646428571,0.814581458
1038,6/30/2019,Sunday,2031,17,11.35,9.56,0.562352941,0.842290749
1039,6/30/2019,Sunday,2100,12,5.01,5.10,0.425,1.017964072
1040,6/30/2019,Sunday,2142,13,8.76,7.56,0.581538462,0.863013699
1041,6/30/2019,Sunday,2206,27,20.35,20.62,0.763703704,1.013267813
1042,6/30/2019,Sunday,2313,3,1.42,3.01,1.003333333,2.11971831
1043,6/30/2019,Sunday,2321,13,5.37,5.44,0.418461538,1.013035382
1044,6/30/2019,Sunday,2335,4,1.1,3.01,0.7525,2.736363636
1045,6/30/2019,Sunday,2345,10,3.7,4.11,0.411,1.110810811
